-- phpMyAdmin SQL Dump
-- version 4.8.1
-- https://www.phpmyadmin.net/
--
-- Host: 127.0.0.1
-- Generation Time: Oct 03, 2018 at 05:24 PM
-- Server version: 10.1.33-MariaDB
-- PHP Version: 7.2.6

SET SQL_MODE = "NO_AUTO_VALUE_ON_ZERO";
SET AUTOCOMMIT = 0;
START TRANSACTION;
SET time_zone = "+00:00";


/*!40101 SET @OLD_CHARACTER_SET_CLIENT=@@CHARACTER_SET_CLIENT */;
/*!40101 SET @OLD_CHARACTER_SET_RESULTS=@@CHARACTER_SET_RESULTS */;
/*!40101 SET @OLD_COLLATION_CONNECTION=@@COLLATION_CONNECTION */;
/*!40101 SET NAMES utf8mb4 */;

--
-- Database: `evert`
--

-- --------------------------------------------------------

--
-- Table structure for table `client`
--

CREATE TABLE `client` (
  `ClientId` int(10) UNSIGNED NOT NULL,
  `ClientName` varchar(191) COLLATE utf8mb4_unicode_ci NOT NULL,
  `Foto` varchar(191) COLLATE utf8mb4_unicode_ci DEFAULT NULL,
  `created_at` timestamp NULL DEFAULT NULL,
  `updated_at` timestamp NULL DEFAULT NULL
) ENGINE=InnoDB DEFAULT CHARSET=utf8mb4 COLLATE=utf8mb4_unicode_ci;

--
-- Dumping data for table `client`
--

INSERT INTO `client` (`ClientId`, `ClientName`, `Foto`, `created_at`, `updated_at`) VALUES
(1, 'Evert Gantebng aja BENERBANGET', 'VnU1oKi8bk7c84WeuORL-Evert Gantebng aja BENER-Barcelona-FC-Squad1900p.jpg', '2018-04-17 07:51:32', '2018-08-13 05:53:49'),
(4, 'Selma', 'Losartan Potassium', '2018-03-15 02:55:10', '2017-08-07 18:36:32'),
(5, 'Charity', 'Lipitor', '2018-06-07 20:40:14', '2018-11-28 15:55:41'),
(6, 'Quin', 'Azithromycin', '2018-09-07 09:12:48', '2019-04-08 00:50:16'),
(7, 'Cynthia', 'Triamcinolone Acetonide', '2017-04-18 08:19:21', '2017-12-05 13:02:27'),
(8, 'Colton', 'Oxycontin', '2017-06-30 12:45:29', '2018-09-23 15:32:12'),
(9, 'Grant', 'Gianvi', '2018-08-19 05:18:00', '2018-08-29 17:20:00'),
(10, 'Karleigh', 'Fluoxetine HCl', '2018-02-20 12:29:02', '2018-06-13 07:00:06'),
(11, 'Megan', 'Zolpidem Tartrate', '2018-04-08 09:44:31', '2019-01-03 06:17:58'),
(12, 'Lavinia', 'Hydrocodone/APAP', '2019-02-02 09:09:49', '2018-06-24 00:36:50'),
(13, 'Britanney', 'Cyclobenzaprin HCl', '2018-07-12 08:40:03', '2017-10-20 01:20:57'),
(14, 'Jillian', 'Omeprazole (Rx)', '2017-07-23 09:18:28', '2017-06-23 08:23:26'),
(15, 'Eagan', 'Ventolin HFA', '2018-11-02 07:49:16', '2018-08-11 17:56:49'),
(16, 'Leroy', 'Doxycycline Hyclate', '2018-07-22 04:34:34', '2019-03-03 05:21:03'),
(17, 'Jolene', 'Lantus Solostar', '2017-11-19 21:15:39', '2017-11-25 11:35:13'),
(18, 'Sage', 'Venlafaxine HCl ER', '2017-06-24 10:07:24', '2018-09-05 03:51:02'),
(19, 'Jescie', 'Alprazolam', '2018-11-17 17:41:46', '2019-01-15 12:51:57'),
(20, 'Mariko', 'Namenda', '2018-02-28 06:23:28', '2019-02-03 21:49:54'),
(21, 'Serina', 'Fluticasone Propionate', '2018-12-03 08:58:58', '2018-01-16 00:48:24'),
(22, 'Gray', 'Promethazine HCl', '2019-01-08 00:08:55', '2018-10-24 10:21:41'),
(23, 'Risa', 'Nuvaring', '2017-05-20 05:10:20', '2017-12-21 08:35:51'),
(24, 'Azalia', 'Simvastatin', '2018-07-21 09:43:28', '2018-04-21 16:25:26'),
(25, 'Jemima', 'Amoxicillin', '2017-08-23 01:20:43', '2018-02-21 07:19:50'),
(26, 'Garth', 'Fluconazole', '2019-03-16 21:09:59', '2018-04-30 23:01:48'),
(27, 'Mason', 'Premarin', '2017-12-10 05:22:32', '2018-06-04 05:57:43'),
(28, 'Jillian', 'Alprazolam', '2017-10-29 05:16:19', '2018-07-18 16:25:35'),
(29, 'Isabella', 'Lisinopril', '2019-03-23 19:06:27', '2017-09-04 14:39:37'),
(30, 'Richard', 'Pravastatin Sodium', '2017-10-24 20:28:09', '2018-02-11 21:23:07'),
(31, 'Grant', 'Atenolol', '2018-10-01 08:02:56', '2019-03-29 04:57:18'),
(32, 'Guy', 'Albuterol', '2018-02-04 10:07:29', '2019-03-22 23:48:44'),
(33, 'Alfonso', 'Amlodipine Besylate', '2017-04-22 08:13:45', '2019-01-27 20:18:47'),
(34, 'Kai', 'Oxycodone HCl', '2019-03-30 01:21:14', '2018-08-16 20:57:40'),
(35, 'Fuller', 'Januvia', '2018-05-01 17:58:01', '2017-10-25 17:39:05'),
(36, 'Colby', 'Prednisone', '2018-04-28 00:48:02', '2018-10-25 09:37:14'),
(37, 'Brett', 'Furosemide', '2018-07-30 08:25:17', '2018-07-14 23:23:13'),
(38, 'Brett', 'Simvastatin', '2017-05-06 10:31:12', '2018-09-26 13:13:44'),
(39, 'Elaine', 'Warfarin Sodium', '2017-09-13 01:54:07', '2018-12-30 17:28:54'),
(40, 'Rylee', 'Premarin', '2017-04-19 11:16:59', '2019-04-11 21:45:23'),
(41, 'Charles', 'Lisinopril', '2018-08-09 04:52:45', '2017-12-26 23:29:49'),
(42, 'Jack', 'Ibuprofen (Rx)', '2018-07-03 17:41:46', '2019-02-15 23:31:38'),
(43, 'Jillian', 'Omeprazole (Rx)', '2018-07-18 14:11:34', '2017-05-15 03:45:08'),
(44, 'Matthew', 'Penicillin VK', '2018-06-10 21:15:26', '2017-11-25 19:36:16'),
(45, 'Ian', 'Simvastatin', '2019-04-06 00:53:55', '2017-07-19 10:29:43'),
(46, 'Nicholas', 'Ibuprofen (Rx)', '2017-11-16 07:56:50', '2018-10-04 09:15:01'),
(47, 'Astra', 'Alprazolam', '2018-03-30 07:33:02', '2017-04-19 08:10:40'),
(48, 'Fatima', 'Citalopram HBr', '2017-09-28 05:25:38', '2018-01-17 14:15:33'),
(49, 'Daquan', 'Omeprazole (Rx)', '2017-04-28 11:27:55', '2019-02-20 13:31:28'),
(50, 'Asher', 'Hydrochlorothiazide', '2018-05-22 11:03:58', '2017-10-01 21:12:50'),
(51, 'Dante', 'Cheratussin AC', '2017-10-20 14:33:38', '2018-06-11 22:01:23'),
(52, 'Herman', 'Risperidone', '2018-12-01 09:58:17', '2018-01-11 05:18:34'),
(53, 'Graiden', 'Clonazepam', '2018-07-14 06:41:30', '2018-09-10 07:22:31'),
(54, 'Alyssa', 'Lexapro', '2017-05-08 11:48:35', '2018-05-22 17:29:57'),
(55, 'Pascale', 'Plavix', '2017-12-10 00:04:33', '2018-05-06 02:57:25'),
(56, 'Igor', 'Furosemide', '2018-06-05 15:19:31', '2018-11-18 04:22:52'),
(57, 'Keegan', 'Lisinopril', '2018-07-16 12:47:31', '2019-02-01 09:07:09'),
(58, 'Sophia', 'Methylprednisolone', '2018-02-28 13:04:02', '2017-07-23 05:15:09'),
(59, 'Sybill', 'Clindamycin HCl', '2018-06-13 09:51:15', '2017-07-30 18:26:59'),
(60, 'Shelley', 'Vitamin D (Rx)', '2017-05-30 02:39:55', '2018-06-12 04:49:36'),
(61, 'Hillary', 'Januvia', '2017-10-31 22:30:39', '2019-04-06 21:15:01'),
(62, 'Evelyn', 'Amoxicillin', '2017-10-07 11:09:08', '2017-10-02 18:43:27'),
(63, 'Walter', 'Lisinopril/Hydrochlorothiazide', '2018-02-18 10:40:17', '2018-12-24 00:56:33'),
(64, 'Kathleen', 'Amoxicillin', '2018-04-09 20:09:11', '2018-07-04 11:12:54'),
(65, 'Phoebe', 'Citalopram HBR', '2017-09-14 20:32:47', '2019-04-17 05:32:27'),
(66, 'Aladdin', 'Endocet', '2017-10-25 06:37:39', '2017-08-31 00:23:17'),
(67, 'Phyllis', 'Metformin HCl', '2018-08-24 09:55:09', '2018-04-29 17:38:27'),
(68, 'Peter', 'Alprazolam', '2017-10-26 15:07:24', '2018-09-15 14:08:36'),
(69, 'Colleen', 'Pravastatin Sodium', '2019-02-02 11:45:11', '2018-12-11 15:22:37'),
(70, 'Colin', 'Gianvi', '2018-03-12 15:28:28', '2018-10-08 15:00:05'),
(71, 'Hu', 'Ciprofloxacin HCl', '2019-03-14 15:13:02', '2018-09-24 15:50:55'),
(72, 'Leilani', 'Omeprazole (Rx)', '2019-01-20 12:48:41', '2017-11-16 20:24:10'),
(73, 'Phyllis', 'Vitamin D (Rx)', '2017-07-21 21:13:12', '2019-04-02 15:00:21'),
(74, 'Azalia', 'Amlodipine Besylate', '2017-10-13 10:30:14', '2018-06-28 04:31:04'),
(75, 'Ivan', 'Celebrex', '2017-08-11 14:29:34', '2018-08-01 13:44:19'),
(76, 'Cairo', 'Carvedilol', '2018-08-21 04:15:57', '2017-06-15 22:37:52'),
(77, 'Nicholas', 'Lisinopril', '2018-12-03 17:53:58', '2017-06-20 08:56:47'),
(78, 'Portia', 'Oxycontin', '2017-08-19 00:34:13', '2017-10-20 13:21:04'),
(79, 'Henry', 'Actos', '2019-02-16 12:56:18', '2019-01-17 01:35:31'),
(80, 'Vincent', 'Risperidone', '2018-02-13 20:10:03', '2017-06-11 04:13:52'),
(81, 'Aidan', 'Symbicort', '2017-07-30 10:27:42', '2018-12-24 01:51:37'),
(82, 'Cadman', 'Famotidine', '2018-09-05 08:08:51', '2018-03-12 11:20:59'),
(83, 'Hamish', 'Pantoprazole Sodium', '2017-05-30 19:45:42', '2018-07-19 20:39:15'),
(84, 'Rebekah', 'Simvastatin', '2018-02-25 09:24:59', '2018-08-20 07:07:34'),
(85, 'Colleen', 'Amlodipine Besylate', '2018-07-28 06:22:11', '2018-05-10 11:52:53'),
(86, 'Angela', 'Niaspan', '2017-07-12 04:06:36', '2017-10-28 22:21:49'),
(87, 'Kevyn', 'Lisinopril', '2018-04-05 22:17:57', '2018-09-17 23:45:46'),
(88, 'Travis', 'Lorazepam', '2017-07-03 02:21:45', '2018-12-03 14:52:33'),
(89, 'Raphael', 'Clonazepam', '2017-10-13 04:43:24', '2019-03-06 08:35:48'),
(90, 'Ulla', 'Losartan Potassium', '2018-02-17 03:44:39', '2018-12-18 19:18:36'),
(91, 'Jana', 'Synthroid', '2017-09-17 15:31:40', '2017-11-25 13:33:22'),
(92, 'Jayme', 'Metformin HCl', '2017-11-17 12:43:55', '2018-07-17 04:33:15'),
(93, 'Seth', 'Januvia', '2019-04-15 04:23:16', '2017-08-27 00:02:31'),
(94, 'Wilma', 'Pravastatin Sodium', '2018-08-07 12:46:57', '2019-01-29 02:55:17'),
(95, 'Clio', 'Metoprolol Tartrate ', '2018-10-04 01:48:50', '2019-02-09 07:57:38'),
(96, 'Caleb', 'Metformin HCl', '2018-11-06 23:02:48', '2018-04-25 04:17:08'),
(97, 'Reece', 'Viagra', '2018-09-17 19:00:38', '2018-11-01 02:58:38'),
(98, 'Uta', 'Amoxicillin', '2018-03-22 09:19:16', '2018-06-02 06:22:44'),
(99, 'Eric', 'Benicar', '2017-05-22 14:28:53', '2018-01-04 18:42:36'),
(100, 'Ruby', 'Potassium Chloride', '2018-07-30 08:55:17', '2019-03-03 07:53:22'),
(101, 'Lane', 'Fluticasone Propionate', '2018-11-02 17:16:31', '2017-07-22 21:47:54'),
(102, 'GANTENG', NULL, '2018-07-29 10:02:56', '2018-07-29 10:02:56'),
(103, 'Evert keren', 'C:\\xampp\\tmp\\phpA35.tmp', '2018-08-07 06:04:11', '2018-08-07 06:04:11'),
(104, 'Evert keren', 'C:\\xampp\\tmp\\php45A5.tmp', '2018-08-07 06:05:31', '2018-08-07 06:05:31'),
(105, 'Evert keren', 'C:\\xampp\\tmp\\php34C9.tmp', '2018-08-07 06:06:32', '2018-08-07 06:06:32'),
(106, 'Evert aha', 'C:\\xampp\\tmp\\php60AC.tmp', '2018-08-07 06:06:44', '2018-08-07 06:06:44'),
(109, 'evertt', 'uwpqptQwu9-evertt-Scan10025.JPG', '2018-08-07 06:24:26', '2018-08-07 06:24:26'),
(111, 'www', NULL, '2018-08-12 01:50:34', '2018-08-12 01:50:34');

-- --------------------------------------------------------

--
-- Table structure for table `migrations`
--

CREATE TABLE `migrations` (
  `id` int(10) UNSIGNED NOT NULL,
  `migration` varchar(191) COLLATE utf8mb4_unicode_ci NOT NULL,
  `batch` int(11) NOT NULL
) ENGINE=InnoDB DEFAULT CHARSET=utf8mb4 COLLATE=utf8mb4_unicode_ci;

--
-- Dumping data for table `migrations`
--

INSERT INTO `migrations` (`id`, `migration`, `batch`) VALUES
(1, '2014_10_12_000000_create_users_table', 1),
(2, '2014_10_12_100000_create_password_resets_table', 1),
(3, '2018_02_27_022054_create__client_table', 1),
(4, '2018_02_27_034438_create__transaksi_table', 1),
(5, '2018_02_27_034955_create__payment_table', 1);

-- --------------------------------------------------------

--
-- Table structure for table `password_resets`
--

CREATE TABLE `password_resets` (
  `email` varchar(191) COLLATE utf8mb4_unicode_ci NOT NULL,
  `token` varchar(191) COLLATE utf8mb4_unicode_ci NOT NULL,
  `created_at` timestamp NULL DEFAULT NULL
) ENGINE=InnoDB DEFAULT CHARSET=utf8mb4 COLLATE=utf8mb4_unicode_ci;

-- --------------------------------------------------------

--
-- Table structure for table `payment`
--

CREATE TABLE `payment` (
  `PaymentId` int(10) UNSIGNED NOT NULL,
  `TransaksiId` int(11) NOT NULL,
  `TanggalPembayaran` datetime NOT NULL,
  `Jumlah` varchar(191) COLLATE utf8mb4_unicode_ci NOT NULL,
  `created_at` timestamp NULL DEFAULT NULL,
  `updated_at` timestamp NULL DEFAULT NULL
) ENGINE=InnoDB DEFAULT CHARSET=utf8mb4 COLLATE=utf8mb4_unicode_ci;

--
-- Dumping data for table `payment`
--

INSERT INTO `payment` (`PaymentId`, `TransaksiId`, `TanggalPembayaran`, `Jumlah`, `created_at`, `updated_at`) VALUES
(3, 224, '2018-10-03 00:00:00', '500000', '2018-10-03 04:25:52', '2018-10-03 04:25:52');

-- --------------------------------------------------------

--
-- Table structure for table `transaksi`
--

CREATE TABLE `transaksi` (
  `TransaksiId` int(10) UNSIGNED NOT NULL,
  `ClientId` int(11) NOT NULL,
  `UnitKos` varchar(191) COLLATE utf8mb4_unicode_ci NOT NULL,
  `TipeKos` varchar(191) COLLATE utf8mb4_unicode_ci NOT NULL COMMENT 'Tipe Kos Bulanan / Harian',
  `TanggalMasuk` datetime NOT NULL,
  `TanggalKeluar` datetime DEFAULT NULL,
  `Harga` varchar(255) COLLATE utf8mb4_unicode_ci DEFAULT NULL,
  `Parkir` tinyint(1) NOT NULL DEFAULT '0',
  `Pembantu` tinyint(1) NOT NULL DEFAULT '0',
  `created_at` timestamp NULL DEFAULT NULL,
  `updated_at` timestamp NULL DEFAULT NULL
) ENGINE=InnoDB DEFAULT CHARSET=utf8mb4 COLLATE=utf8mb4_unicode_ci;

--
-- Dumping data for table `transaksi`
--

INSERT INTO `transaksi` (`TransaksiId`, `ClientId`, `UnitKos`, `TipeKos`, `TanggalMasuk`, `TanggalKeluar`, `Harga`, `Parkir`, `Pembantu`, `created_at`, `updated_at`) VALUES
(1, 71, '9', 'Bulanan', '2016-11-09 22:56:50', '1998-06-07 03:23:46', NULL, 1, 0, '2015-06-27 11:11:36', '1993-06-22 22:10:50'),
(2, 28, '8', 'Harian', '1988-05-15 10:18:33', '1981-12-08 09:47:35', NULL, 1, 1, '1982-06-22 01:20:18', '2006-10-24 14:49:58'),
(3, 65, '7', 'Harian', '1974-10-08 22:29:12', '1990-12-06 21:22:59', NULL, 0, 1, '1980-07-28 13:30:03', '1996-11-13 09:48:09'),
(4, 55, '8', 'Bulanan', '2008-03-05 18:32:08', '1975-08-04 04:30:28', NULL, 1, 0, '1974-09-16 05:40:31', '2008-05-31 13:34:59'),
(5, 54, '2', 'Bulanan', '1972-05-22 06:02:20', '1991-12-10 02:25:15', NULL, 0, 0, '1983-08-10 02:26:44', '1977-07-31 15:07:28'),
(6, 71, '', 'Harian', '2000-07-15 07:04:52', '1983-07-02 09:39:19', NULL, 1, 0, '1974-02-12 11:54:01', '2001-06-20 01:51:48'),
(7, 21, '', 'Bulanan', '1995-08-22 00:15:55', '2003-04-20 04:53:41', NULL, 0, 1, '2012-05-01 20:06:32', '2016-10-21 06:33:11'),
(8, 27, '7', 'Harian', '1970-07-27 16:47:51', '2004-10-12 18:53:29', NULL, 0, 0, '1984-09-28 11:59:52', '1982-03-20 08:09:28'),
(9, 35, '7', 'Bulanan', '1994-08-23 17:29:58', '2014-12-25 04:09:08', NULL, 1, 0, '1979-04-05 20:16:10', '1994-10-09 03:40:22'),
(10, 100, '4', 'Bulanan', '2002-06-23 19:32:17', '1994-05-01 07:28:00', NULL, 0, 0, '1980-06-07 04:05:55', '2017-10-23 21:16:00'),
(11, 22, '5', 'Bulanan', '1988-04-27 09:09:51', '2006-03-26 16:37:38', NULL, 1, 1, '1984-06-30 01:47:21', '1985-06-01 10:06:59'),
(12, 57, '7', 'Bulanan', '1973-10-10 12:45:53', '1989-04-30 08:22:48', NULL, 1, 0, '2009-07-15 08:19:25', '2015-09-26 20:46:22'),
(13, 15, '5', 'Harian', '1989-02-07 04:05:31', '1979-03-10 15:30:41', NULL, 0, 0, '1981-04-09 04:11:27', '2000-08-18 23:18:43'),
(14, 67, '5', 'Bulanan', '1994-11-18 00:50:31', '1999-07-19 05:28:07', NULL, 1, 1, '2003-10-01 05:42:04', '1981-10-21 23:58:42'),
(15, 51, '2', 'Bulanan', '1993-08-29 21:58:48', '2015-07-30 03:09:34', NULL, 0, 1, '2009-08-24 23:56:09', '1974-07-08 05:00:29'),
(16, 44, '8', 'Bulanan', '1971-09-12 18:42:29', '1995-07-11 00:50:48', NULL, 0, 0, '1991-09-12 22:41:25', '1974-08-27 12:00:50'),
(17, 74, '1', 'Bulanan', '2000-01-19 14:10:04', '2011-07-06 13:31:49', NULL, 0, 1, '1972-08-27 06:29:36', '2007-11-07 17:14:10'),
(18, 51, '6', 'Bulanan', '1987-03-13 19:30:52', '2011-06-16 19:47:17', NULL, 0, 0, '1994-08-24 08:20:33', '1981-07-22 17:53:33'),
(19, 70, '7', 'Bulanan', '1985-01-25 08:35:43', '1998-07-25 02:53:37', NULL, 0, 1, '2008-11-11 04:32:01', '1998-06-22 12:31:26'),
(21, 78, '4', 'Bulanan', '2005-07-22 16:42:04', '2008-03-11 08:38:54', NULL, 1, 1, '1975-03-02 15:22:11', '1974-10-17 04:11:42'),
(22, 89, '9', 'Harian', '2016-09-10 06:29:37', '2009-06-30 04:26:20', NULL, 0, 1, '1980-04-19 22:26:42', '2009-06-13 15:15:53'),
(23, 97, '3', 'Harian', '1973-12-31 14:34:44', '1974-04-02 14:37:32', NULL, 0, 0, '1977-08-14 08:25:07', '1976-06-24 21:12:49'),
(24, 41, '1', 'Bulanan', '1971-05-26 00:26:22', '2002-04-14 09:21:53', NULL, 0, 0, '1975-03-16 22:00:23', '2010-07-08 17:10:36'),
(25, 74, '', 'Harian', '2002-10-08 09:56:31', '1991-05-08 00:13:42', NULL, 1, 1, '1987-12-06 03:20:57', '2002-06-27 00:54:28'),
(26, 61, '7', 'Bulanan', '1972-06-17 18:10:15', '1983-02-07 09:35:57', NULL, 0, 1, '1987-03-22 07:41:14', '2007-12-10 00:33:10'),
(27, 97, '3', 'Harian', '2001-04-28 17:26:39', '1981-12-03 12:01:18', NULL, 0, 0, '2005-05-14 00:00:22', '1985-04-30 22:44:08'),
(28, 85, '6', 'Harian', '1983-01-07 00:17:44', '1991-10-13 04:08:00', NULL, 0, 0, '2002-05-22 00:16:11', '1996-09-03 17:45:29'),
(29, 66, '6', 'Bulanan', '2006-03-10 07:25:53', '1971-04-13 13:13:32', NULL, 0, 0, '2005-10-26 08:25:18', '1983-08-18 13:10:20'),
(30, 40, '1', 'Harian', '2015-08-13 23:58:52', '2013-10-24 20:01:38', NULL, 0, 1, '2003-09-11 08:11:46', '1999-07-13 04:11:20'),
(31, 78, '6', 'Bulanan', '1975-07-21 20:56:15', '1980-04-13 18:42:37', NULL, 1, 1, '2014-09-09 23:13:19', '1978-03-02 21:19:26'),
(32, 59, '7', 'Harian', '2009-07-21 06:06:19', '1985-08-18 11:55:57', NULL, 0, 1, '2015-06-21 23:57:00', '1993-09-19 18:41:01'),
(33, 50, '1', 'Harian', '1986-02-26 01:21:42', '2015-09-27 02:42:49', NULL, 0, 0, '2001-08-05 20:30:47', '1983-12-20 22:09:16'),
(34, 87, '2', 'Bulanan', '2018-04-21 03:26:37', '2017-03-19 11:14:11', NULL, 0, 1, '1985-01-04 18:36:19', '2001-01-19 05:00:38'),
(35, 21, '1', 'Bulanan', '1984-02-29 02:09:07', '1993-07-20 12:33:01', NULL, 1, 0, '1977-08-05 06:17:20', '2004-06-25 23:00:38'),
(36, 29, '3', 'Bulanan', '2013-02-12 06:04:32', '2010-06-03 02:17:36', NULL, 0, 0, '1982-11-03 17:12:57', '1998-11-07 15:15:41'),
(37, 98, '7', 'Bulanan', '2006-04-29 15:03:46', '2001-07-21 17:11:13', NULL, 1, 1, '1989-01-24 01:35:28', '2013-09-09 04:36:35'),
(38, 65, '', 'Harian', '2008-03-25 06:15:51', '1978-01-24 15:27:33', NULL, 0, 1, '1981-05-09 19:01:55', '2011-05-12 20:35:13'),
(39, 82, '7', 'Bulanan', '2009-11-26 17:15:43', '1987-11-16 04:55:53', NULL, 1, 1, '1985-07-13 17:32:30', '2011-04-08 21:33:05'),
(40, 55, '8', 'Bulanan', '1978-12-04 07:09:15', '2006-08-07 21:10:48', NULL, 0, 0, '1981-07-13 04:06:22', '1989-08-21 23:15:14'),
(41, 27, '5', 'Harian', '1970-02-12 16:38:53', '2011-10-26 08:16:24', NULL, 0, 1, '1978-12-02 19:25:27', '2005-09-05 22:34:14'),
(42, 32, '7', 'Harian', '1982-06-06 22:45:41', '1987-11-17 03:55:21', NULL, 1, 1, '2012-12-31 01:30:44', '2004-10-16 14:20:34'),
(43, 83, '9', 'Bulanan', '1980-03-15 23:30:02', '1998-07-05 06:38:19', NULL, 1, 0, '2009-04-12 00:01:39', '1990-11-14 08:57:37'),
(44, 45, '5', 'Harian', '2004-09-28 21:25:17', '2012-11-02 05:36:09', NULL, 0, 1, '1971-06-25 08:43:48', '2011-01-23 14:09:44'),
(45, 81, '4', 'Bulanan', '2014-03-21 16:12:42', '1976-10-13 13:40:54', NULL, 1, 0, '1976-03-25 17:05:56', '2013-05-09 18:30:58'),
(46, 28, '4', 'Harian', '1996-12-27 21:05:34', '1999-11-08 07:49:32', NULL, 0, 0, '2017-11-26 18:48:21', '2007-07-16 15:00:14'),
(47, 20, '6', 'Bulanan', '1976-03-12 16:27:27', '1991-01-10 01:36:35', NULL, 1, 1, '2017-03-19 10:26:18', '1985-04-11 19:19:45'),
(48, 74, '9', 'Harian', '2005-08-08 15:22:00', '2005-09-26 13:17:33', NULL, 0, 0, '2017-11-19 12:40:02', '1991-09-19 02:42:05'),
(49, 41, '8', 'Harian', '2005-11-05 11:54:58', '2009-04-10 14:03:14', NULL, 1, 0, '1980-09-06 01:06:32', '2001-03-26 17:12:29'),
(50, 32, '2', 'Harian', '1982-09-23 18:03:37', '2017-11-26 16:46:11', NULL, 0, 0, '1971-07-21 15:55:01', '2001-08-18 17:35:01'),
(51, 70, '5', 'Harian', '1996-12-24 09:34:21', '1972-06-12 19:39:10', NULL, 0, 1, '2013-04-15 21:21:47', '1993-02-27 22:19:20'),
(52, 82, '1', 'Bulanan', '1974-06-16 03:52:56', '1975-08-21 09:05:03', NULL, 1, 1, '2014-02-16 16:55:51', '1999-12-02 19:47:24'),
(53, 7, '2', 'Harian', '1988-01-23 06:03:41', '2015-07-27 00:33:18', NULL, 1, 0, '2017-08-28 20:40:34', '1976-11-29 09:49:30'),
(54, 91, '7', 'Harian', '1991-10-17 09:34:39', '1981-09-30 01:40:44', NULL, 0, 1, '1985-02-13 01:29:45', '1985-07-20 21:25:58'),
(55, 28, '7', 'Harian', '1975-12-26 19:57:37', '1983-12-24 17:52:54', NULL, 1, 1, '1998-06-16 23:34:52', '1982-12-06 02:09:51'),
(56, 6, '9', 'Harian', '1991-04-28 18:57:07', '2009-06-18 01:39:29', NULL, 0, 0, '2013-08-12 21:00:49', '1996-09-30 00:37:39'),
(57, 72, '8', 'Harian', '1992-10-22 23:39:25', '1999-03-09 11:25:45', NULL, 1, 0, '1975-09-18 01:23:06', '2010-11-05 23:49:44'),
(58, 91, '1', 'Bulanan', '1985-07-07 04:29:58', '1994-01-30 19:00:15', NULL, 1, 0, '1971-08-19 00:52:08', '1996-06-26 19:58:27'),
(59, 52, '5', 'Harian', '2009-05-05 01:29:17', '1985-04-03 16:16:40', NULL, 1, 1, '1980-10-17 19:15:18', '1998-12-12 09:57:05'),
(61, 12, '9', 'Harian', '1980-07-21 21:15:03', '1976-04-09 10:34:20', NULL, 1, 1, '2016-03-14 17:20:51', '1992-05-19 03:46:59'),
(62, 21, '1', 'Harian', '2013-12-18 03:00:13', '2013-03-19 15:29:36', NULL, 0, 0, '2007-08-04 06:46:02', '2004-11-18 23:13:31'),
(63, 75, '5', 'Bulanan', '1973-02-18 19:41:26', '1992-05-16 23:24:23', NULL, 1, 0, '1971-02-23 02:23:42', '1974-09-08 03:48:55'),
(64, 44, '9', 'Harian', '1973-08-15 09:01:03', '2008-07-31 17:11:28', NULL, 1, 1, '1970-12-13 04:50:37', '2018-01-30 06:22:08'),
(65, 31, '5', 'Harian', '2012-11-27 18:39:04', '1983-12-19 23:03:55', NULL, 1, 0, '2002-01-27 02:36:34', '2008-05-18 08:18:30'),
(66, 87, '5', 'Harian', '1992-07-05 17:40:50', '2004-02-23 01:09:19', NULL, 0, 1, '1990-08-15 08:46:07', '1989-12-19 02:58:47'),
(67, 71, '7', 'Harian', '1989-01-31 04:39:40', '2005-08-20 18:52:28', NULL, 0, 1, '2005-08-31 06:33:25', '2017-05-07 08:10:31'),
(68, 46, '9', 'Harian', '1982-03-08 21:07:46', '2002-07-22 10:45:35', NULL, 0, 0, '1995-07-15 19:44:19', '2003-02-01 16:40:27'),
(69, 51, '7', 'Bulanan', '1989-03-14 10:14:03', '1980-04-25 10:46:53', NULL, 1, 0, '2008-03-10 15:52:42', '1980-04-26 00:05:30'),
(70, 67, '2', 'Bulanan', '2008-06-09 23:48:17', '1973-03-09 17:13:02', NULL, 1, 1, '2017-01-20 02:25:23', '1983-12-28 03:21:04'),
(71, 90, '9', 'Harian', '1983-09-10 15:46:43', '1991-02-13 21:46:46', NULL, 0, 0, '1973-12-02 18:25:10', '2011-05-23 04:30:16'),
(72, 5, '6', 'Harian', '1977-04-29 00:05:48', '1985-01-25 08:53:41', NULL, 1, 0, '1976-08-10 19:42:46', '1977-10-14 16:06:49'),
(73, 14, '4', 'Harian', '1986-03-01 22:56:27', '1994-11-02 12:26:34', NULL, 0, 0, '1993-02-23 10:58:17', '1979-11-02 14:51:30'),
(74, 62, '8', 'Bulanan', '1987-03-15 10:57:04', '2014-07-06 08:56:12', NULL, 0, 0, '2007-10-29 04:02:40', '2015-02-08 22:27:32'),
(75, 83, '2', 'Harian', '2000-08-02 08:08:29', '1981-09-28 08:43:46', NULL, 0, 0, '1989-03-17 19:54:20', '1991-08-22 12:22:54'),
(76, 4, '9', 'Harian', '2012-10-10 15:40:00', '1976-10-20 00:28:53', NULL, 0, 0, '2011-03-06 13:12:32', '1975-05-08 11:04:53'),
(78, 80, '4', 'Harian', '2011-03-02 03:09:37', '2011-03-16 12:11:27', NULL, 1, 1, '1971-09-07 08:59:39', '1977-02-03 12:28:16'),
(79, 37, '1', 'Bulanan', '1971-07-10 18:03:22', '1978-11-18 14:11:14', NULL, 0, 0, '2013-10-16 10:29:51', '1970-10-08 20:59:30'),
(80, 93, '2', 'Bulanan', '1999-10-25 21:18:52', '2006-06-12 15:16:35', NULL, 1, 1, '2008-12-15 13:39:59', '1989-02-08 05:59:24'),
(81, 38, '4', 'Bulanan', '1995-10-29 23:39:47', '1997-08-06 13:20:29', NULL, 1, 0, '1984-11-13 11:28:31', '2002-08-22 22:43:05'),
(83, 99, '', 'Harian', '2017-06-02 23:36:37', '2008-10-16 00:30:28', NULL, 0, 1, '2017-03-24 04:25:34', '1979-05-01 23:57:07'),
(84, 92, '2', 'Harian', '1974-12-16 22:45:44', '2000-05-29 23:33:07', NULL, 0, 0, '2010-10-03 23:51:26', '1970-07-28 14:56:17'),
(85, 38, '6', 'Bulanan', '1991-02-25 07:44:45', '1997-01-03 03:34:10', NULL, 0, 1, '2013-10-27 17:21:01', '1973-10-19 15:07:03'),
(86, 99, '9', 'Bulanan', '2012-02-09 17:06:16', '1985-09-11 21:39:30', NULL, 1, 1, '1995-07-15 11:05:43', '1994-01-23 13:42:10'),
(87, 39, '5', 'Harian', '2000-05-18 18:01:37', '1975-05-18 00:01:02', NULL, 0, 1, '2001-03-11 14:13:14', '2009-04-07 15:18:59'),
(88, 6, '3', 'Bulanan', '1974-02-04 04:54:34', '1975-05-04 23:09:18', NULL, 1, 0, '2014-03-26 09:23:39', '1986-03-15 14:27:57'),
(89, 53, '3', 'Harian', '1985-12-31 10:59:52', '1988-07-30 09:02:56', NULL, 0, 1, '1996-04-17 10:57:53', '1979-07-01 23:29:21'),
(90, 72, '2', 'Bulanan', '1972-11-06 23:12:12', '1974-01-01 14:02:30', NULL, 1, 1, '1982-07-18 12:29:38', '2016-03-11 01:53:36'),
(91, 40, '9', 'Harian', '1992-06-20 21:29:13', '1996-02-11 07:56:27', NULL, 1, 0, '1985-05-14 18:35:46', '1998-11-30 13:41:35'),
(92, 76, '1', 'Harian', '1981-12-07 01:51:43', '2005-10-06 19:14:24', NULL, 1, 0, '2003-09-10 15:19:18', '1980-09-07 11:34:17'),
(93, 72, '3', 'Bulanan', '1999-02-25 11:35:19', '1994-04-05 20:09:25', NULL, 0, 1, '2001-01-28 20:58:59', '1977-08-31 03:56:41'),
(94, 54, '4', 'Harian', '1995-06-23 12:16:27', '1995-12-04 14:24:07', NULL, 1, 0, '2010-06-04 17:32:08', '1973-06-06 16:14:25'),
(95, 9, '3', 'Bulanan', '1992-10-01 14:49:11', '1980-10-06 03:01:40', NULL, 1, 0, '1998-03-09 00:56:45', '1982-10-16 11:56:54'),
(96, 14, '4', 'Harian', '1970-07-11 05:49:30', '2013-04-09 14:26:12', NULL, 1, 1, '1986-04-15 14:57:03', '1995-10-20 22:56:26'),
(98, 60, '4', 'Bulanan', '1992-12-22 00:37:47', '1986-09-08 15:52:13', NULL, 1, 0, '1970-10-17 05:36:45', '1973-09-13 02:13:50'),
(99, 9, '6', 'Harian', '2014-08-19 01:56:51', '1979-06-11 18:08:52', NULL, 0, 0, '1975-01-13 00:14:10', '1987-08-23 11:50:58'),
(100, 39, '', 'Harian', '2004-09-07 02:44:04', '1976-10-21 13:05:10', NULL, 0, 0, '2009-11-22 08:09:06', '1989-06-06 21:16:02'),
(101, 83, '', 'Bulanan', '2012-08-04 07:46:14', '2002-08-11 18:07:55', NULL, 0, 0, '1974-10-18 17:32:04', '1986-08-16 09:14:45'),
(102, 65, '3', 'Harian', '1999-04-02 03:37:15', '1970-12-18 08:34:53', NULL, 1, 0, '2010-08-23 03:30:48', '1989-02-01 15:42:14'),
(103, 84, '1', 'Bulanan', '1975-11-08 09:40:04', '1993-11-12 00:47:27', NULL, 1, 1, '2017-11-17 23:59:58', '1998-09-09 04:06:27'),
(104, 21, '1', 'Bulanan', '1982-07-05 14:11:42', '1978-01-14 03:08:14', NULL, 1, 1, '1974-02-25 14:09:35', '1978-04-28 03:00:46'),
(105, 66, '5', 'Harian', '1977-11-09 14:29:06', '1990-11-23 16:23:15', NULL, 1, 0, '1981-05-16 00:43:05', '1998-11-24 20:10:09'),
(107, 58, '7', 'Bulanan', '1993-05-18 20:58:14', '2005-12-04 04:52:05', NULL, 1, 1, '1983-01-22 09:02:54', '2001-05-11 11:27:06'),
(108, 46, '9', 'Bulanan', '1970-05-19 22:21:12', '1978-08-09 01:43:41', NULL, 0, 1, '1995-05-26 10:16:39', '1993-01-05 00:58:14'),
(109, 31, '3', 'Harian', '2003-07-11 08:24:51', '1981-12-22 05:08:57', NULL, 1, 1, '1992-07-19 19:41:57', '1998-10-26 21:39:46'),
(110, 28, '7', 'Bulanan', '1980-02-25 05:21:48', '2015-12-19 00:37:02', NULL, 1, 0, '1991-04-07 06:21:22', '2010-05-12 00:02:58'),
(111, 53, '5', 'Harian', '1975-05-16 02:47:37', '1980-11-11 10:31:44', NULL, 1, 0, '1980-08-10 04:40:43', '1998-08-15 17:01:31'),
(112, 61, '4', 'Harian', '1975-09-24 19:09:17', '2009-11-22 18:38:58', NULL, 0, 0, '2003-03-31 21:32:18', '1987-05-09 16:15:38'),
(113, 76, '7', 'Harian', '2003-09-16 03:00:45', '2003-09-02 04:53:52', NULL, 1, 1, '2014-07-21 16:58:37', '1983-07-20 12:09:01'),
(114, 13, '4', 'Bulanan', '2018-08-13 00:00:00', '2018-08-15 00:00:00', '1250012', 1, 1, '2002-01-20 19:08:25', '2018-08-13 09:27:46'),
(115, 40, '5', 'Harian', '1995-12-02 06:51:03', '2017-07-05 18:17:22', NULL, 0, 1, '2000-05-30 00:49:06', '1996-07-22 15:57:11'),
(116, 68, '1', 'Harian', '1991-07-10 03:24:43', '2006-07-11 16:32:44', NULL, 0, 1, '1993-10-03 07:40:34', '1985-12-08 04:02:02'),
(117, 68, '7', 'Harian', '1987-10-13 18:45:27', '2013-06-05 23:08:36', NULL, 1, 0, '1989-10-28 22:42:41', '2001-12-23 00:55:05'),
(118, 28, '3', 'Harian', '1972-06-08 11:34:54', '2015-07-13 10:34:38', NULL, 0, 1, '1990-08-22 05:55:11', '2008-08-11 04:22:37'),
(119, 96, '7', 'Harian', '2006-10-20 02:52:17', '2015-02-15 04:09:49', NULL, 0, 0, '1999-12-09 18:49:28', '1995-04-26 08:42:57'),
(120, 46, '9', 'Bulanan', '1992-03-04 02:39:00', '1975-05-21 19:42:19', NULL, 1, 0, '1979-09-21 23:27:29', '1993-03-02 19:23:42'),
(121, 90, '1', 'Bulanan', '2011-06-10 07:09:19', '2004-06-08 06:23:08', NULL, 1, 1, '2000-06-22 18:30:50', '1984-06-01 14:27:45'),
(122, 97, '8', 'Harian', '1983-08-11 13:24:07', '1983-09-09 09:01:49', NULL, 1, 0, '2009-06-23 03:44:06', '2014-04-21 05:38:00'),
(123, 17, '1', 'Bulanan', '1979-02-03 15:11:43', '2003-05-28 01:21:25', NULL, 1, 0, '2016-09-23 01:17:17', '2011-05-06 23:07:49'),
(124, 94, '4', 'Bulanan', '1976-10-02 03:00:38', '1972-11-02 15:26:36', NULL, 1, 0, '1972-11-12 10:18:06', '2013-01-02 00:30:57'),
(125, 68, '7', 'Bulanan', '1983-08-28 23:17:19', '1971-08-09 19:46:52', NULL, 0, 0, '2005-07-21 14:42:34', '1972-02-20 06:32:29'),
(126, 68, '7', 'Harian', '2001-09-02 12:31:44', '1985-12-19 18:09:30', NULL, 1, 1, '1998-12-21 22:06:27', '2014-05-07 06:41:10'),
(127, 93, '2', 'Harian', '1994-03-08 02:12:35', '2017-02-19 21:26:27', NULL, 0, 0, '1976-12-10 23:20:03', '1970-04-03 23:36:44'),
(128, 42, '8', 'Bulanan', '1978-05-04 08:22:43', '1977-09-01 09:32:21', NULL, 1, 0, '1995-07-20 04:45:20', '1979-03-15 21:04:42'),
(129, 64, '9', 'Bulanan', '1999-09-24 08:45:53', '2002-11-19 20:02:26', NULL, 0, 0, '1984-12-26 16:08:03', '1994-09-21 06:01:28'),
(130, 85, '4', 'Bulanan', '1994-05-19 23:01:07', '2002-03-08 02:32:45', NULL, 0, 0, '1985-11-17 10:48:36', '2008-03-12 15:51:24'),
(131, 73, '9', 'Harian', '1970-09-18 17:05:24', '1992-06-14 06:21:00', NULL, 1, 0, '2000-01-08 12:35:25', '1984-05-01 01:50:23'),
(132, 9, '8', 'Harian', '1979-10-29 18:28:12', '2002-03-26 20:00:28', NULL, 0, 0, '2003-09-11 09:19:35', '1974-01-29 21:31:14'),
(133, 13, '7', 'Bulanan', '2018-08-13 00:00:00', '2018-08-13 00:00:00', '150000', 1, 1, '2009-08-28 22:42:54', '2018-08-13 09:20:55'),
(134, 18, '3', 'Bulanan', '1977-03-21 21:46:54', '2004-12-01 01:56:27', NULL, 1, 1, '2018-04-16 13:26:27', '2008-11-23 19:36:33'),
(135, 81, '2', 'Bulanan', '1983-07-13 12:37:16', '1992-02-10 21:50:34', NULL, 0, 0, '1991-02-26 16:56:31', '1995-07-19 07:15:30'),
(136, 57, '1', 'Harian', '1986-03-07 05:32:27', '1971-05-18 15:02:17', NULL, 1, 1, '2010-09-26 18:45:58', '2009-01-19 12:22:48'),
(137, 16, '6', 'Bulanan', '1990-06-21 04:40:10', '1998-04-13 21:28:06', NULL, 0, 1, '1972-04-06 12:40:10', '1972-09-17 17:52:25'),
(138, 100, '5', 'Harian', '1987-12-06 04:53:23', '2016-11-08 14:52:19', NULL, 0, 0, '1989-09-13 08:11:35', '2007-01-16 03:41:00'),
(139, 82, '1', 'Harian', '1983-09-18 05:32:08', '1998-11-27 13:06:43', NULL, 0, 1, '2008-05-27 17:06:34', '1979-09-16 03:35:16'),
(140, 87, '3', 'Bulanan', '2012-12-26 02:26:49', '1989-01-05 07:29:22', NULL, 0, 0, '1988-08-19 13:38:59', '2016-02-02 13:40:21'),
(141, 27, '5', 'Harian', '2010-06-16 14:15:42', '1985-04-23 14:27:44', NULL, 0, 0, '1975-11-01 10:23:18', '2006-04-02 04:14:33'),
(142, 63, '8', 'Bulanan', '1992-04-17 22:29:51', '2006-03-22 23:42:19', NULL, 1, 1, '1970-12-25 03:55:18', '2005-04-28 02:42:25'),
(143, 69, '1', 'Bulanan', '1978-10-10 01:13:56', '1993-03-09 23:00:22', NULL, 1, 0, '2008-03-09 23:37:39', '2002-05-16 16:57:37'),
(144, 87, '3', 'Harian', '2004-01-07 19:10:13', '1973-10-30 20:12:35', NULL, 1, 0, '1978-06-15 03:48:26', '1982-07-01 11:25:14'),
(145, 16, '', 'Harian', '1993-09-14 20:39:58', '1981-04-05 14:35:13', NULL, 1, 0, '1993-10-22 22:08:04', '1976-12-22 04:42:44'),
(146, 90, '6', 'Bulanan', '1971-05-24 22:23:03', '1970-01-16 21:12:37', NULL, 1, 0, '2000-06-28 07:45:07', '1999-11-14 06:31:15'),
(147, 61, '', 'Bulanan', '1971-02-08 11:49:19', '1996-11-27 16:59:49', NULL, 1, 0, '1977-08-28 10:26:18', '1990-06-24 19:04:46'),
(148, 78, '6', 'Bulanan', '1991-11-25 04:55:16', '1986-07-10 22:54:51', NULL, 0, 1, '1977-10-16 02:21:46', '2011-06-25 16:08:39'),
(149, 9, '9', 'Bulanan', '2010-10-17 23:18:32', '1982-09-09 00:00:24', NULL, 0, 1, '1980-08-18 08:13:09', '1986-12-28 04:12:53'),
(150, 36, '6', 'Harian', '2013-01-29 02:57:10', '1981-07-11 06:37:50', NULL, 1, 1, '1979-04-27 01:58:34', '2012-05-09 03:55:24'),
(151, 28, '3', 'Bulanan', '1971-04-03 09:37:30', '1971-10-24 17:19:30', NULL, 0, 1, '1987-03-24 23:43:44', '1983-03-02 02:34:24'),
(152, 27, '', 'Bulanan', '1982-05-06 08:17:48', '1980-09-29 15:34:53', NULL, 0, 1, '2013-07-09 18:59:36', '2003-08-07 07:04:19'),
(153, 83, '3', 'Bulanan', '1971-12-13 00:32:59', '1971-01-03 01:45:51', NULL, 0, 1, '1971-04-16 10:21:10', '1992-11-21 21:16:34'),
(154, 24, '8', 'Harian', '2003-06-04 13:45:34', '1983-12-27 20:08:43', NULL, 0, 0, '1996-12-31 11:20:33', '2017-03-30 03:15:04'),
(155, 93, '', 'Harian', '1992-03-28 05:06:44', '1981-07-15 01:16:25', NULL, 0, 1, '2015-11-27 03:51:13', '2002-10-06 08:52:44'),
(156, 47, '1', 'Harian', '1973-09-12 03:07:55', '2008-11-20 10:59:51', NULL, 1, 1, '1981-09-04 14:26:40', '1994-06-16 15:16:45'),
(157, 47, '7', 'Bulanan', '1998-11-07 06:34:45', '1984-11-25 07:28:14', NULL, 0, 1, '1973-08-04 03:19:33', '1981-05-13 19:16:45'),
(158, 7, '5', 'Harian', '1994-12-12 03:16:31', '2017-11-02 17:42:54', NULL, 0, 1, '1989-02-19 18:03:58', '1991-07-14 04:32:11'),
(159, 96, '1', 'Harian', '1989-08-04 09:09:07', '1978-05-11 06:10:53', NULL, 0, 0, '1976-06-21 18:53:56', '1994-05-13 11:22:33'),
(160, 73, '1', 'Bulanan', '2007-12-04 22:51:41', '1994-01-22 18:46:12', NULL, 0, 1, '2006-12-05 23:00:15', '2016-03-25 13:37:17'),
(161, 21, '1', 'Bulanan', '2010-05-04 12:35:47', '1995-06-12 21:31:35', NULL, 1, 1, '1991-04-28 09:33:58', '1983-01-26 16:45:46'),
(162, 87, '5', 'Harian', '1979-07-17 18:50:24', '2001-10-22 21:03:31', NULL, 1, 1, '1999-02-06 09:59:51', '1999-12-11 18:28:18'),
(163, 43, '7', 'Bulanan', '1998-08-29 20:11:23', '2014-12-30 00:06:39', NULL, 0, 1, '1970-10-08 09:31:30', '1974-04-26 20:39:41'),
(164, 84, '8', 'Bulanan', '2002-07-19 19:55:46', '1970-10-06 09:39:31', NULL, 0, 0, '1979-05-15 11:38:44', '1987-06-24 20:49:05'),
(165, 30, '', 'Harian', '1987-11-19 22:25:34', '1999-07-10 14:03:18', NULL, 0, 1, '2001-11-07 09:21:48', '1976-10-21 10:42:27'),
(166, 56, '', 'Bulanan', '2008-12-03 00:49:38', '2001-11-13 15:12:02', NULL, 0, 0, '1985-07-02 12:53:00', '2015-07-27 01:36:39'),
(167, 9, '5', 'Harian', '1973-02-12 01:34:30', '1989-06-27 00:54:59', NULL, 0, 0, '1976-04-03 12:38:00', '1977-09-29 17:55:43'),
(168, 99, '8', 'Bulanan', '1975-02-10 20:54:31', '1993-12-04 07:08:03', NULL, 1, 0, '1992-11-18 14:58:51', '2001-02-22 15:30:08'),
(169, 34, '4', 'Bulanan', '1980-12-05 01:11:11', '2010-10-06 09:12:32', NULL, 1, 0, '1996-12-14 16:28:25', '1976-07-03 23:33:08'),
(170, 49, '8', 'Bulanan', '1995-04-27 10:03:49', '1972-05-29 18:46:14', NULL, 1, 1, '1983-01-04 22:09:22', '2016-06-30 16:00:32'),
(171, 45, '1', 'Bulanan', '1976-04-26 00:39:58', '2007-07-04 14:35:15', NULL, 1, 0, '2015-07-22 00:58:58', '1980-07-25 00:50:55'),
(172, 4, '', 'Harian', '2000-05-26 12:54:22', '2017-06-30 22:52:23', NULL, 0, 0, '1999-02-09 16:45:31', '1997-10-31 10:53:32'),
(173, 37, '1', 'Bulanan', '1997-02-22 17:16:49', '1994-06-21 09:35:53', NULL, 1, 0, '1996-11-24 08:25:54', '1971-09-06 21:21:00'),
(175, 69, '3', 'Bulanan', '2010-01-30 13:15:33', '1977-08-17 19:38:56', NULL, 0, 0, '2017-04-19 08:07:38', '1975-04-20 12:26:10'),
(176, 100, '7', 'Harian', '1970-08-18 23:14:33', '2016-01-18 04:38:37', NULL, 1, 0, '1977-12-05 03:19:58', '1978-12-02 19:20:46'),
(177, 8, '7', 'Harian', '2008-01-08 03:09:17', '1992-07-17 10:33:44', NULL, 1, 1, '2004-11-27 16:26:12', '1974-08-07 18:55:04'),
(178, 91, '3', 'Harian', '2014-10-11 22:13:07', '1988-05-04 07:43:39', NULL, 0, 1, '2016-04-02 13:14:51', '2007-05-22 17:18:40'),
(179, 37, '8', 'Bulanan', '1971-01-12 10:49:58', '1993-04-11 16:54:45', NULL, 1, 1, '2012-08-14 02:19:15', '2000-11-24 22:01:15'),
(180, 10, '2', 'Harian', '1974-12-19 19:15:10', '2017-12-10 08:39:31', NULL, 0, 0, '2006-08-28 23:51:53', '1971-08-04 23:17:55'),
(181, 15, '7', 'Bulanan', '2014-05-30 02:00:59', '1994-06-14 16:39:10', NULL, 1, 0, '1974-03-26 11:10:21', '1984-06-24 20:45:16'),
(182, 36, '4', 'Harian', '1993-10-12 15:09:24', '1988-09-18 16:47:05', NULL, 0, 1, '1973-04-12 18:18:23', '1980-04-21 07:15:22'),
(183, 72, '3', 'Harian', '1981-11-05 13:10:48', '1985-02-13 03:05:55', NULL, 1, 1, '1989-06-05 13:18:31', '1983-12-19 02:39:01'),
(184, 98, '3', 'Harian', '1999-12-17 14:16:48', '1994-01-13 00:51:23', NULL, 1, 0, '1996-09-17 22:55:55', '1973-06-08 12:43:29'),
(185, 75, '4', 'Bulanan', '1978-05-01 20:23:47', '2005-03-15 11:24:16', NULL, 1, 0, '2011-08-09 07:38:46', '2002-12-07 09:22:34'),
(186, 62, '9', 'Bulanan', '1991-07-07 13:49:26', '2015-06-10 08:35:01', NULL, 1, 0, '1979-03-02 11:16:08', '1995-05-17 15:57:11'),
(187, 72, '4', 'Harian', '1999-07-31 08:07:55', '1994-08-14 06:58:04', NULL, 0, 0, '1977-11-17 04:31:04', '1982-06-12 19:44:21'),
(188, 26, '7', 'Bulanan', '2014-06-18 06:07:58', '1981-11-25 20:15:20', NULL, 0, 0, '1992-11-21 01:17:19', '1980-05-19 03:01:11'),
(189, 55, '2', 'Harian', '2008-01-31 18:42:05', '1971-01-06 22:10:42', NULL, 1, 0, '2017-04-29 16:00:17', '2008-10-23 04:17:26'),
(190, 42, '2', 'Bulanan', '1985-07-17 07:06:35', '2017-05-08 13:34:31', NULL, 0, 1, '2008-07-14 22:48:26', '2009-08-08 08:53:32'),
(191, 53, '4', 'Bulanan', '1980-07-23 17:30:44', '2018-01-04 19:19:11', NULL, 0, 0, '1980-08-27 14:47:19', '1998-01-31 01:43:48'),
(192, 49, '8', 'Harian', '2005-03-15 15:27:15', '1992-03-01 21:47:51', NULL, 1, 1, '2016-10-08 10:39:36', '2007-06-01 20:36:04'),
(193, 53, '2', 'Harian', '2014-11-15 15:26:44', '1972-08-25 09:22:10', NULL, 1, 0, '2003-10-27 22:27:31', '1979-09-30 20:37:55'),
(194, 66, '6', 'Harian', '2018-01-14 19:47:31', '2014-10-01 18:42:28', NULL, 0, 0, '2004-02-04 19:27:11', '1976-06-16 04:52:24'),
(195, 21, '3', 'Harian', '1971-07-16 13:25:19', '1977-12-31 19:18:48', NULL, 0, 0, '2002-01-12 00:03:27', '1998-02-10 21:05:33'),
(196, 61, '', 'Bulanan', '2017-04-29 08:34:21', '2015-07-14 08:18:40', NULL, 0, 0, '1990-04-15 23:20:13', '1988-09-14 04:21:34'),
(197, 99, '9', 'Harian', '1983-03-05 20:54:01', '1987-10-31 15:12:44', NULL, 0, 1, '1998-03-27 12:26:05', '2004-07-29 02:28:26'),
(198, 11, '5', 'Bulanan', '1995-01-10 00:54:34', '1996-10-01 10:37:37', NULL, 1, 1, '1971-07-06 19:16:02', '1995-04-14 10:02:28'),
(199, 68, '6', 'Harian', '1988-05-26 21:05:21', '1971-09-19 07:29:48', NULL, 0, 1, '1984-08-07 05:48:55', '2009-09-12 15:19:10'),
(200, 7, '4', 'Bulanan', '1999-02-01 11:30:54', '2017-02-28 20:43:44', NULL, 1, 0, '1992-12-07 05:09:52', '1992-01-22 03:25:27'),
(219, 109, '4E', 'Bulanan', '2018-08-12 00:00:00', NULL, '1800000', 1, 1, '2018-08-12 01:19:46', '2018-08-12 01:19:46'),
(224, 1, '3C', 'Harian', '2018-08-02 00:00:00', '2018-10-04 00:00:00', '100000', 1, 1, '2018-08-13 06:39:38', '2018-10-03 04:24:10'),
(225, 13, '3C', 'Harian', '2018-08-13 00:00:00', '2018-08-13 00:00:00', '1000001', 0, 1, '2018-08-13 09:28:35', '2018-08-13 09:49:16');

-- --------------------------------------------------------

--
-- Table structure for table `users`
--

CREATE TABLE `users` (
  `id` int(10) UNSIGNED NOT NULL,
  `name` varchar(191) COLLATE utf8mb4_unicode_ci NOT NULL,
  `email` varchar(191) COLLATE utf8mb4_unicode_ci NOT NULL,
  `password` varchar(191) COLLATE utf8mb4_unicode_ci NOT NULL,
  `remember_token` varchar(100) COLLATE utf8mb4_unicode_ci DEFAULT NULL,
  `created_at` timestamp NULL DEFAULT NULL,
  `updated_at` timestamp NULL DEFAULT NULL
) ENGINE=InnoDB DEFAULT CHARSET=utf8mb4 COLLATE=utf8mb4_unicode_ci;

--
-- Dumping data for table `users`
--

INSERT INTO `users` (`id`, `name`, `email`, `password`, `remember_token`, `created_at`, `updated_at`) VALUES
(1, 'test', 'efraim94@yahoo.com', '$2y$10$2i9QlmRzXtVbkcokECxQtugBGXZZnqDbMXWvZaHS0LuVqayukenvi', 'SFsB4TzFDSMvFF0VtLnVswEdJiZG0UtopV3uX3A3lqFaBnqz7NYI9IvEAq4e', '2018-04-01 21:11:59', '2018-04-01 21:11:59');

--
-- Indexes for dumped tables
--

--
-- Indexes for table `client`
--
ALTER TABLE `client`
  ADD PRIMARY KEY (`ClientId`);

--
-- Indexes for table `migrations`
--
ALTER TABLE `migrations`
  ADD PRIMARY KEY (`id`);

--
-- Indexes for table `password_resets`
--
ALTER TABLE `password_resets`
  ADD KEY `password_resets_email_index` (`email`);

--
-- Indexes for table `payment`
--
ALTER TABLE `payment`
  ADD PRIMARY KEY (`PaymentId`);

--
-- Indexes for table `transaksi`
--
ALTER TABLE `transaksi`
  ADD PRIMARY KEY (`TransaksiId`);

--
-- Indexes for table `users`
--
ALTER TABLE `users`
  ADD PRIMARY KEY (`id`),
  ADD UNIQUE KEY `users_email_unique` (`email`);

--
-- AUTO_INCREMENT for dumped tables
--

--
-- AUTO_INCREMENT for table `client`
--
ALTER TABLE `client`
  MODIFY `ClientId` int(10) UNSIGNED NOT NULL AUTO_INCREMENT, AUTO_INCREMENT=112;

--
-- AUTO_INCREMENT for table `migrations`
--
ALTER TABLE `migrations`
  MODIFY `id` int(10) UNSIGNED NOT NULL AUTO_INCREMENT, AUTO_INCREMENT=6;

--
-- AUTO_INCREMENT for table `payment`
--
ALTER TABLE `payment`
  MODIFY `PaymentId` int(10) UNSIGNED NOT NULL AUTO_INCREMENT, AUTO_INCREMENT=4;

--
-- AUTO_INCREMENT for table `transaksi`
--
ALTER TABLE `transaksi`
  MODIFY `TransaksiId` int(10) UNSIGNED NOT NULL AUTO_INCREMENT, AUTO_INCREMENT=226;

--
-- AUTO_INCREMENT for table `users`
--
ALTER TABLE `users`
  MODIFY `id` int(10) UNSIGNED NOT NULL AUTO_INCREMENT, AUTO_INCREMENT=2;
COMMIT;

/*!40101 SET CHARACTER_SET_CLIENT=@OLD_CHARACTER_SET_CLIENT */;
/*!40101 SET CHARACTER_SET_RESULTS=@OLD_CHARACTER_SET_RESULTS */;
/*!40101 SET COLLATION_CONNECTION=@OLD_COLLATION_CONNECTION */;
